"Блок справки";"Раздел справки";"Ссылка на раздел справки";"Видео №";"Название видео";"Длительность видео";"Опубликовано";"Тайм-код";"Секунды";"Тема эпизода";"Ссылка на тайм-код";"Ссылка на видео"
"Шаблоны, секции и присадки";"Присадки";"https://help.planplace.online/prisadki/";"1";"Как быстро расставить присадки по схеме? Новая функция PlanPlace!";"16:31";"2026-06-26T15:52:11";"0:00";"0";"Введение и постановка задачи: автоматическая расстановка присадок с шагом 32 мм";"https://rutube.ru/video/1ad140ce3dc853746b3b34e4edecd0fa/?t=0";"https://rutube.ru/video/1ad140ce3dc853746b3b34e4edecd0fa/"
"Шаблоны, секции и присадки";"Присадки";"https://help.planplace.online/prisadki/";"1";"Как быстро расставить присадки по схеме? Новая функция PlanPlace!";"16:31";"2026-06-26T15:52:11";"2:32";"152";"Настройка минимальных отступов и симметрии присадок";"https://rutube.ru/video/1ad140ce3dc853746b3b34e4edecd0fa/?t=152";"https://rutube.ru/video/1ad140ce3dc853746b3b34e4edecd0fa/"
"Шаблоны, секции и присадки";"Присадки";"https://help.planplace.online/prisadki/";"1";"Как быстро расставить присадки по схеме? Новая функция PlanPlace!";"16:31";"2026-06-26T15:52:11";"3:50";"230";"Выбор типа присадки и автоконфигурация по шагу";"https://rutube.ru/video/1ad140ce3dc853746b3b34e4edecd0fa/?t=230";"https://rutube.ru/video/1ad140ce3dc853746b3b34e4edecd0fa/"
"Шаблоны, секции и присадки";"Присадки";"https://help.planplace.online/prisadki/";"1";"Как быстро расставить присадки по схеме? Новая функция PlanPlace!";"16:31";"2026-06-26T15:52:11";"5:02";"302";"Выравнивание шага с подгонкой по краям для точности";"https://rutube.ru/video/1ad140ce3dc853746b3b34e4edecd0fa/?t=302";"https://rutube.ru/video/1ad140ce3dc853746b3b34e4edecd0fa/"
"Шаблоны, секции и присадки";"Присадки";"https://help.planplace.online/prisadki/";"1";"Как быстро расставить присадки по схеме? Новая функция PlanPlace!";"16:31";"2026-06-26T15:52:11";"6:22";"382";"Центрирование присадки по толщине материала";"https://rutube.ru/video/1ad140ce3dc853746b3b34e4edecd0fa/?t=382";"https://rutube.ru/video/1ad140ce3dc853746b3b34e4edecd0fa/"
"Шаблоны, секции и присадки";"Присадки";"https://help.planplace.online/prisadki/";"1";"Как быстро расставить присадки по схеме? Новая функция PlanPlace!";"16:31";"2026-06-26T15:52:11";"7:33";"453";"Формула для эластичного расчёта количества присадок с округлением вниз";"https://rutube.ru/video/1ad140ce3dc853746b3b34e4edecd0fa/?t=453";"https://rutube.ru/video/1ad140ce3dc853746b3b34e4edecd0fa/"
"Конфигуратор: элементы, размеры, формулы";"Параметры, формулы, позиционирование";"https://help.planplace.online/parametry-formuly-pozicionirovanie/";"1";"Как быстро расставить присадки по схеме? Новая функция PlanPlace!";"16:31";"2026-06-26T15:52:11";"10:01";"601";"Тестирование формулы на разных глубинах модулей";"https://rutube.ru/video/1ad140ce3dc853746b3b34e4edecd0fa/?t=601";"https://rutube.ru/video/1ad140ce3dc853746b3b34e4edecd0fa/"
"Шаблоны, секции и присадки";"Присадки";"https://help.planplace.online/prisadki/";"1";"Как быстро расставить присадки по схеме? Новая функция PlanPlace!";"16:31";"2026-06-26T15:52:11";"12:30";"750";"Смещение и корректировка присадки для правильного расположения";"https://rutube.ru/video/1ad140ce3dc853746b3b34e4edecd0fa/?t=750";"https://rutube.ru/video/1ad140ce3dc853746b3b34e4edecd0fa/"
"Шаблоны, секции и присадки";"Присадки";"https://help.planplace.online/prisadki/";"1";"Как быстро расставить присадки по схеме? Новая функция PlanPlace!";"16:31";"2026-06-26T15:52:11";"13:54";"834";"Клонирование и разворот присадки на другую сторону модуля";"https://rutube.ru/video/1ad140ce3dc853746b3b34e4edecd0fa/?t=834";"https://rutube.ru/video/1ad140ce3dc853746b3b34e4edecd0fa/"
"Шаблоны, секции и присадки";"Присадки";"https://help.planplace.online/prisadki/";"1";"Как быстро расставить присадки по схеме? Новая функция PlanPlace!";"16:31";"2026-06-26T15:52:11";"15:01";"901";"Проверка работы присадок на сцене продавца и настройка прозрачности";"https://rutube.ru/video/1ad140ce3dc853746b3b34e4edecd0fa/?t=901";"https://rutube.ru/video/1ad140ce3dc853746b3b34e4edecd0fa/"
"Шаблоны, секции и присадки";"Присадки";"https://help.planplace.online/prisadki/";"1";"Как быстро расставить присадки по схеме? Новая функция PlanPlace!";"16:31";"2026-06-26T15:52:11";"16:11";"971";"Итоги, приглашение к использованию PlanPlace и запуск производства";"https://rutube.ru/video/1ad140ce3dc853746b3b34e4edecd0fa/?t=971";"https://rutube.ru/video/1ad140ce3dc853746b3b34e4edecd0fa/"
"Материалы и кромки";"Массовое редактирование плит и массовый ввод цен";"https://help.planplace.online/massovoe-redaktirovanie-plit/";"2";"PlanPlace - Как массово редактировать плитные материалы в PlanPlace: толщина, кромки, цены, Excel";"23:52";"2026-04-03T23:22:56";"00:48";"48";"Интерфейс массовых операций плитных материалов: выделение, категории, кнопки действий";"https://rutube.ru/video/6fbbe9eba65a39668af72d2710e3d102/?t=48";"https://rutube.ru/video/6fbbe9eba65a39668af72d2710e3d102/"
"Материалы и кромки";"Массовое редактирование плит и массовый ввод цен";"https://help.planplace.online/massovoe-redaktirovanie-plit/";"2";"PlanPlace - Как массово редактировать плитные материалы в PlanPlace: толщина, кромки, цены, Excel";"23:52";"2026-04-03T23:22:56";"02:00";"120";"Работа с толщинами и декорам: принципы работы материалов в PlanPlace 2.0";"https://rutube.ru/video/6fbbe9eba65a39668af72d2710e3d102/?t=120";"https://rutube.ru/video/6fbbe9eba65a39668af72d2710e3d102/"
"Материалы и кромки";"Массовое редактирование плит и массовый ввод цен";"https://help.planplace.online/massovoe-redaktirovanie-plit/";"2";"PlanPlace - Как массово редактировать плитные материалы в PlanPlace: толщина, кромки, цены, Excel";"23:52";"2026-04-03T23:22:56";"03:00";"180";"Добавление новой толщины и автоматическая генерация кромок";"https://rutube.ru/video/6fbbe9eba65a39668af72d2710e3d102/?t=180";"https://rutube.ru/video/6fbbe9eba65a39668af72d2710e3d102/"
"Материалы и кромки";"Группы плитных материалов";"https://help.planplace.online/gruppy-plitnyh-materialov/";"2";"PlanPlace - Как массово редактировать плитные материалы в PlanPlace: толщина, кромки, цены, Excel";"23:52";"2026-04-03T23:22:56";"05:19";"319";"Управление видимостью: скрытие категорий и отдельных декоров плит, безопасное удаление";"https://rutube.ru/video/6fbbe9eba65a39668af72d2710e3d102/?t=319";"https://rutube.ru/video/6fbbe9eba65a39668af72d2710e3d102/"
"Материалы и кромки";"Массовое редактирование плит и массовый ввод цен";"https://help.planplace.online/massovoe-redaktirovanie-plit/";"2";"PlanPlace - Как массово редактировать плитные материалы в PlanPlace: толщина, кромки, цены, Excel";"23:52";"2026-04-03T23:22:56";"07:29";"449";"Импорт/Экспорт в Excel: структура таблицы и ключевые поля";"https://rutube.ru/video/6fbbe9eba65a39668af72d2710e3d102/?t=449";"https://rutube.ru/video/6fbbe9eba65a39668af72d2710e3d102/"
"Цены, прайсы и наценки";"Прайс-листы";"https://help.planplace.online/prays-listy/";"2";"PlanPlace - Как массово редактировать плитные материалы в PlanPlace: толщина, кромки, цены, Excel";"23:52";"2026-04-03T23:22:56";"10:43";"643";"Массовая настройка цен: ручной ввод, привязка к прайс-листу";"https://rutube.ru/video/6fbbe9eba65a39668af72d2710e3d102/?t=643";"https://rutube.ru/video/6fbbe9eba65a39668af72d2710e3d102/"
"Цены, прайсы и наценки";"Прайс-листы";"https://help.planplace.online/prays-listy/";"2";"PlanPlace - Как массово редактировать плитные материалы в PlanPlace: толщина, кромки, цены, Excel";"23:52";"2026-04-03T23:22:56";"14:11";"851";"Массовое изменение параметров: привязка цен, удаление толщин, смена типа расчёта";"https://rutube.ru/video/6fbbe9eba65a39668af72d2710e3d102/?t=851";"https://rutube.ru/video/6fbbe9eba65a39668af72d2710e3d102/"
"Цены, прайсы и наценки";"Прайс-листы";"https://help.planplace.online/prays-listy/";"2";"PlanPlace - Как массово редактировать плитные материалы в PlanPlace: толщина, кромки, цены, Excel";"23:52";"2026-04-03T23:22:56";"16:27";"987";"Тонкая настройка: названия, артикулы, визуальное отображение, привязка по артикулу";"https://rutube.ru/video/6fbbe9eba65a39668af72d2710e3d102/?t=987";"https://rutube.ru/video/6fbbe9eba65a39668af72d2710e3d102/"
"Материалы и кромки";"Массовое редактирование плит и массовый ввод цен";"https://help.planplace.online/massovoe-redaktirovanie-plit/";"2";"PlanPlace - Как массово редактировать плитные материалы в PlanPlace: толщина, кромки, цены, Excel";"23:52";"2026-04-03T23:22:56";"17:48";"1068";"Сохранение и обратный импорт: как система обрабатывает изменения";"https://rutube.ru/video/6fbbe9eba65a39668af72d2710e3d102/?t=1068";"https://rutube.ru/video/6fbbe9eba65a39668af72d2710e3d102/"
"Сцена, спецификация и экспорт";"Экспорт в производство";"https://help.planplace.online/eksport-v-proizvodstvo/";"2";"PlanPlace - Как массово редактировать плитные материалы в PlanPlace: толщина, кромки, цены, Excel";"23:52";"2026-04-03T23:22:56";"22:27";"1347";"Где ещё работает импорт/экспорт: кромки, столешницы, прайс-лист, декоры";"https://rutube.ru/video/6fbbe9eba65a39668af72d2710e3d102/?t=1347";"https://rutube.ru/video/6fbbe9eba65a39668af72d2710e3d102/"
"FAQ и поддержка";"Вопросы и ответы (FAQ)";"https://help.planplace.online/voprosy-otvety/";"2";"PlanPlace - Как массово редактировать плитные материалы в PlanPlace: толщина, кромки, цены, Excel";"23:52";"2026-04-03T23:22:56";"23:19";"1399";"Техподдержка и полезные ссылки";"https://rutube.ru/video/6fbbe9eba65a39668af72d2710e3d102/?t=1399";"https://rutube.ru/video/6fbbe9eba65a39668af72d2710e3d102/"
"Конфигуратор: элементы, размеры, формулы";"Основы конфигуратора";"https://help.planplace.online/osnovy-konfiguratora/";"3";"PlanPlace- Основы конфигуратора 2.0";"1:00:33";"2025-09-26T18:05:39";"00:00";"0";"Старт, вход в конфигуратор через «Каталог модулей»";"https://rutube.ru/video/015ba1f7b1f0af4e6f3aaa169d765be5/?t=0";"https://rutube.ru/video/015ba1f7b1f0af4e6f3aaa169d765be5/"
"Конфигуратор: элементы, размеры, формулы";"Основы конфигуратора";"https://help.planplace.online/osnovy-konfiguratora/";"3";"PlanPlace- Основы конфигуратора 2.0";"1:00:33";"2025-09-26T18:05:39";"01:00";"60";"Вкладка «Основные параметры»: название, категории, типы модулей (нижние/верхние/антресоли)";"https://rutube.ru/video/015ba1f7b1f0af4e6f3aaa169d765be5/?t=60";"https://rutube.ru/video/015ba1f7b1f0af4e6f3aaa169d765be5/"
"Конфигуратор: элементы, размеры, формулы";"Параметры, формулы, позиционирование";"https://help.planplace.online/parametry-formuly-pozicionirovanie/";"3";"PlanPlace- Основы конфигуратора 2.0";"1:00:33";"2025-09-26T18:05:39";"02:48";"168";"Вкладка «Размеры»: габариты, ограничения, предустановленные значения, формулы в размерах";"https://rutube.ru/video/015ba1f7b1f0af4e6f3aaa169d765be5/?t=168";"https://rutube.ru/video/015ba1f7b1f0af4e6f3aaa169d765be5/"
"Шаблоны, секции и присадки";"Секции и наполняемые секции";"https://help.planplace.online/sekcii-i-napolnyaemye-sekcii/";"3";"PlanPlace- Основы конфигуратора 2.0";"1:00:33";"2025-09-26T18:05:39";"04:36";"276";"Секция: размеры относительно родителя, точка отсчёта, формулы (ширина/2, ширина−корпус×2)";"https://rutube.ru/video/015ba1f7b1f0af4e6f3aaa169d765be5/?t=276";"https://rutube.ru/video/015ba1f7b1f0af4e6f3aaa169d765be5/"
"Конфигуратор: элементы, размеры, формулы";"Параметры, формулы, позиционирование";"https://help.planplace.online/parametry-formuly-pozicionirovanie/";"3";"PlanPlace- Основы конфигуратора 2.0";"1:00:33";"2025-09-26T18:05:39";"07:42";"462";"Позиция и поворот элементов по осям X, Y, Z";"https://rutube.ru/video/015ba1f7b1f0af4e6f3aaa169d765be5/?t=462";"https://rutube.ru/video/015ba1f7b1f0af4e6f3aaa169d765be5/"
"Конфигуратор: элементы, размеры, формулы";"Детали";"https://help.planplace.online/detali/";"3";"PlanPlace- Основы конфигуратора 2.0";"1:00:33";"2025-09-26T18:05:39";"10:05";"605";"Деталь: базовый элемент с материалом, формы (прямоугольник, L-вырез, радиус)";"https://rutube.ru/video/015ba1f7b1f0af4e6f3aaa169d765be5/?t=605";"https://rutube.ru/video/015ba1f7b1f0af4e6f3aaa169d765be5/"
"Конфигуратор: элементы, размеры, формулы";"Детали";"https://help.planplace.online/detali/";"3";"PlanPlace- Основы конфигуратора 2.0";"1:00:33";"2025-09-26T18:05:39";"11:22";"682";"Настройка форм: визуальный редактор вырезов, поддержка формул в параметрах";"https://rutube.ru/video/015ba1f7b1f0af4e6f3aaa169d765be5/?t=682";"https://rutube.ru/video/015ba1f7b1f0af4e6f3aaa169d765be5/"
"Конфигуратор: элементы, размеры, формулы";"Детали";"https://help.planplace.online/detali/";"3";"PlanPlace- Основы конфигуратора 2.0";"1:00:33";"2025-09-26T18:05:39";"12:29";"749";"Материалы детали: выбор, фиксация, направление текстуры";"https://rutube.ru/video/015ba1f7b1f0af4e6f3aaa169d765be5/?t=749";"https://rutube.ru/video/015ba1f7b1f0af4e6f3aaa169d765be5/"
"Материалы и кромки";"Кромочные ленты";"https://help.planplace.online/kromochnye-lenty/";"3";"PlanPlace- Основы конфигуратора 2.0";"1:00:33";"2025-09-26T18:05:39";"14:14";"854";"Кромки: настройка толщины, привязка к библиотеке, учёт при позиционировании";"https://rutube.ru/video/015ba1f7b1f0af4e6f3aaa169d765be5/?t=854";"https://rutube.ru/video/015ba1f7b1f0af4e6f3aaa169d765be5/"
"3D-модели, фасады и наполнение";"3D-модели";"https://help.planplace.online/3d-modeli/";"3";"PlanPlace- Основы конфигуратора 2.0";"1:00:33";"2025-09-26T18:05:39";"16:24";"984";"3D-модели: добавление, растяжение по осям, привязка материала";"https://rutube.ru/video/015ba1f7b1f0af4e6f3aaa169d765be5/?t=984";"https://rutube.ru/video/015ba1f7b1f0af4e6f3aaa169d765be5/"
"3D-модели, фасады и наполнение";"Фасады и ручки";"https://help.planplace.online/fasady-i-ruchki/";"3";"PlanPlace- Основы конфигуратора 2.0";"1:00:33";"2025-09-26T18:05:39";"17:12";"1032";"Фасады: выбор типа, материала, ручек, направление профиля (важно для замены!)";"https://rutube.ru/video/015ba1f7b1f0af4e6f3aaa169d765be5/?t=1032";"https://rutube.ru/video/015ba1f7b1f0af4e6f3aaa169d765be5/"
"Конфигуратор: элементы, размеры, формулы";"Параметры, формулы, позиционирование";"https://help.planplace.online/parametry-formuly-pozicionirovanie/";"3";"PlanPlace- Основы конфигуратора 2.0";"1:00:33";"2025-09-26T18:05:39";"21:21";"1281";"Глобальные переменные: столешница, цоколь, глубина/высота шкафов";"https://rutube.ru/video/015ba1f7b1f0af4e6f3aaa169d765be5/?t=1281";"https://rutube.ru/video/015ba1f7b1f0af4e6f3aaa169d765be5/"
"Конфигуратор: элементы, размеры, формулы";"Параметры, формулы, позиционирование";"https://help.planplace.online/parametry-formuly-pozicionirovanie/";"3";"PlanPlace- Основы конфигуратора 2.0";"1:00:33";"2025-09-26T18:05:39";"22:21";"1341";"Сборка корпуса: стенки, царги, формулы с учётом толщины материала";"https://rutube.ru/video/015ba1f7b1f0af4e6f3aaa169d765be5/?t=1341";"https://rutube.ru/video/015ba1f7b1f0af4e6f3aaa169d765be5/"
"Конфигуратор: элементы, размеры, формулы";"Детали";"https://help.planplace.online/detali/";"3";"PlanPlace- Основы конфигуратора 2.0";"1:00:33";"2025-09-26T18:05:39";"25:27";"1527";"Применение переменной в детали: формулы «ширина − корпус×2»";"https://rutube.ru/video/015ba1f7b1f0af4e6f3aaa169d765be5/?t=1527";"https://rutube.ru/video/015ba1f7b1f0af4e6f3aaa169d765be5/"
"3D-модели, фасады и наполнение";"3D-модели";"https://help.planplace.online/3d-modeli/";"3";"PlanPlace- Основы конфигуратора 2.0";"1:00:33";"2025-09-26T18:05:39";"28:07";"1687";"Добавление 3D-модели техники: позиционирование по центру через точку отсчёта";"https://rutube.ru/video/015ba1f7b1f0af4e6f3aaa169d765be5/?t=1687";"https://rutube.ru/video/015ba1f7b1f0af4e6f3aaa169d765be5/"
"Конфигуратор: элементы, размеры, формулы";"Условия отображения и события";"https://help.planplace.online/usloviya-otobrazheniya-i-sobytiya/";"3";"PlanPlace- Основы конфигуратора 2.0";"1:00:33";"2025-09-26T18:05:39";"32:02";"1922";"Финальная настройка: высота модуля, двери, условия отображения столешницы";"https://rutube.ru/video/015ba1f7b1f0af4e6f3aaa169d765be5/?t=1922";"https://rutube.ru/video/015ba1f7b1f0af4e6f3aaa169d765be5/"
"Конфигуратор: элементы, размеры, формулы";"Детали";"https://help.planplace.online/detali/";"3";"PlanPlace- Основы конфигуратора 2.0";"1:00:33";"2025-09-26T18:05:39";"39:37";"2377";"Технические вопросы: подсветка, пропилы, металл, панели без модулей";"https://rutube.ru/video/015ba1f7b1f0af4e6f3aaa169d765be5/?t=2377";"https://rutube.ru/video/015ba1f7b1f0af4e6f3aaa169d765be5/"
"3D-модели, фасады и наполнение";"3D-модели";"https://help.planplace.online/3d-modeli/";"3";"PlanPlace- Основы конфигуратора 2.0";"1:00:33";"2025-09-26T18:05:39";"43:51";"2631";"3D-модели: где брать базу, как импортировать/экспортировать";"https://rutube.ru/video/015ba1f7b1f0af4e6f3aaa169d765be5/?t=2631";"https://rutube.ru/video/015ba1f7b1f0af4e6f3aaa169d765be5/"
"Сцена, спецификация и экспорт";"Экспорт в производство";"https://help.planplace.online/eksport-v-proizvodstvo/";"3";"PlanPlace- Основы конфигуратора 2.0";"1:00:33";"2025-09-26T18:05:39";"46:00";"2760";"Интеграция с «Базис-Мебельщик»: экспорт, присадки, кромки, тестирование";"https://rutube.ru/video/015ba1f7b1f0af4e6f3aaa169d765be5/?t=2760";"https://rutube.ru/video/015ba1f7b1f0af4e6f3aaa169d765be5/"
"Цены, прайсы и наценки";"Правила расчёта цен (наценки)";"https://help.planplace.online/pravila-rascheta-cen-nacenki/";"3";"PlanPlace- Основы конфигуратора 2.0";"1:00:33";"2025-09-26T18:05:39";"51:01";"3061";"Ценообразование, фурнитура, наценки: принципы и ближайшие обновления";"https://rutube.ru/video/015ba1f7b1f0af4e6f3aaa169d765be5/?t=3061";"https://rutube.ru/video/015ba1f7b1f0af4e6f3aaa169d765be5/"
"Шаблоны, секции и присадки";"Шаблоны модулей";"https://help.planplace.online/shablony-moduley/";"4";"PlanPlace - основы конфигуратора, работа с шаблонами и ценами";"1:00:23";"2025-10-03T16:05:41";"00:00";"0";"Введение и архитектура шаблонов";"https://rutube.ru/video/036829d63c85019284d9e9c4ff932939/?t=0";"https://rutube.ru/video/036829d63c85019284d9e9c4ff932939/"
"Шаблоны, секции и присадки";"Шаблоны модулей";"https://help.planplace.online/shablony-moduley/";"4";"PlanPlace - основы конфигуратора, работа с шаблонами и ценами";"1:00:23";"2025-10-03T16:05:41";"02:34";"154";"Создание шаблонов: диапазоны размеров (min/max) и логика срабатывания";"https://rutube.ru/video/036829d63c85019284d9e9c4ff932939/?t=154";"https://rutube.ru/video/036829d63c85019284d9e9c4ff932939/"
"Шаблоны, секции и присадки";"Шаблоны модулей";"https://help.planplace.online/shablony-moduley/";"4";"PlanPlace - основы конфигуратора, работа с шаблонами и ценами";"1:00:23";"2025-10-03T16:05:41";"04:15";"255";"Привязка комплектующих к шаблонам и настройка количества";"https://rutube.ru/video/036829d63c85019284d9e9c4ff932939/?t=255";"https://rutube.ru/video/036829d63c85019284d9e9c4ff932939/"
"Шаблоны, секции и присадки";"Шаблоны модулей";"https://help.planplace.online/shablony-moduley/";"4";"PlanPlace - основы конфигуратора, работа с шаблонами и ценами";"1:00:23";"2025-10-03T16:05:41";"07:52";"472";"Виды комплектующих: постоянные, размерные и шаблонные";"https://rutube.ru/video/036829d63c85019284d9e9c4ff932939/?t=472";"https://rutube.ru/video/036829d63c85019284d9e9c4ff932939/"
"Шаблоны, секции и присадки";"Шаблоны модулей";"https://help.planplace.online/shablony-moduley/";"4";"PlanPlace - основы конфигуратора, работа с шаблонами и ценами";"1:00:23";"2025-10-03T16:05:41";"10:42";"642";"Автоматический и ручной режимы переключения шаблонов";"https://rutube.ru/video/036829d63c85019284d9e9c4ff932939/?t=642";"https://rutube.ru/video/036829d63c85019284d9e9c4ff932939/"
"Шаблоны, секции и присадки";"Шаблоны модулей";"https://help.planplace.online/shablony-moduley/";"4";"PlanPlace - основы конфигуратора, работа с шаблонами и ценами";"1:00:23";"2025-10-03T16:05:41";"12:33";"753";"Универсальность шаблонов: применение к столам, полкам, пеналам и другим элементам";"https://rutube.ru/video/036829d63c85019284d9e9c4ff932939/?t=753";"https://rutube.ru/video/036829d63c85019284d9e9c4ff932939/"
"Материалы и кромки";"Группы плитных материалов";"https://help.planplace.online/gruppy-plitnyh-materialov/";"4";"PlanPlace - основы конфигуратора, работа с шаблонами и ценами";"1:00:23";"2025-10-03T16:05:41";"16:32";"992";"Система групп материалов: глобальные vs локальные настройки";"https://rutube.ru/video/036829d63c85019284d9e9c4ff932939/?t=992";"https://rutube.ru/video/036829d63c85019284d9e9c4ff932939/"
"Шаблоны, секции и присадки";"Шаблоны модулей";"https://help.planplace.online/shablony-moduley/";"4";"PlanPlace - основы конфигуратора, работа с шаблонами и ценами";"1:00:23";"2025-10-03T16:05:41";"19:06";"1146";"Переопределение материалов на уровнях модуля и шаблона";"https://rutube.ru/video/036829d63c85019284d9e9c4ff932939/?t=1146";"https://rutube.ru/video/036829d63c85019284d9e9c4ff932939/"
"Материалы и кромки";"Группы плитных материалов";"https://help.planplace.online/gruppy-plitnyh-materialov/";"4";"PlanPlace - основы конфигуратора, работа с шаблонами и ценами";"1:00:23";"2025-10-03T16:05:41";"22:00";"1320";"Блокировка изменений, флаг «локальная группа» и сброс настроек";"https://rutube.ru/video/036829d63c85019284d9e9c4ff932939/?t=1320";"https://rutube.ru/video/036829d63c85019284d9e9c4ff932939/"
"Материалы и кромки";"Группы плитных материалов";"https://help.planplace.online/gruppy-plitnyh-materialov/";"4";"PlanPlace - основы конфигуратора, работа с шаблонами и ценами";"1:00:23";"2025-10-03T16:05:41";"26:19";"1579";"Управление видимостью материалов и скрытие лишних позиций в сцене";"https://rutube.ru/video/036829d63c85019284d9e9c4ff932939/?t=1579";"https://rutube.ru/video/036829d63c85019284d9e9c4ff932939/"
"3D-модели, фасады и наполнение";"3D-модели";"https://help.planplace.online/3d-modeli/";"4";"PlanPlace - основы конфигуратора, работа с шаблонами и ценами";"1:00:23";"2025-10-03T16:05:41";"29:30";"1770";"Работа с готовыми 3D-моделями: импорт, группировка и замена";"https://rutube.ru/video/036829d63c85019284d9e9c4ff932939/?t=1770";"https://rutube.ru/video/036829d63c85019284d9e9c4ff932939/"
"3D-модели, фасады и наполнение";"3D-модели";"https://help.planplace.online/3d-modeli/";"4";"PlanPlace - основы конфигуратора, работа с шаблонами и ценами";"1:00:23";"2025-10-03T16:05:41";"31:47";"1907";"Настройка количества 3D-объектов через переменные";"https://rutube.ru/video/036829d63c85019284d9e9c4ff932939/?t=1907";"https://rutube.ru/video/036829d63c85019284d9e9c4ff932939/"
"Интеграции и API";"Синхронизация по API";"https://help.planplace.online/sinhronizaciya-po-api/";"4";"PlanPlace - основы конфигуратора, работа с шаблонами и ценами";"1:00:23";"2025-10-03T16:05:41";"34:35";"2075";"Блок ответов на вопросы зрителей (тарифы, валюты, фрезеровки, API, наценки, двухцветные материалы)";"https://rutube.ru/video/036829d63c85019284d9e9c4ff932939/?t=2075";"https://rutube.ru/video/036829d63c85019284d9e9c4ff932939/"
"3D-модели, фасады и наполнение";"3D-модели";"https://help.planplace.online/3d-modeli/";"4";"PlanPlace - основы конфигуратора, работа с шаблонами и ценами";"1:00:23";"2025-10-03T16:05:41";"40:46";"2446";"Привязка цен и материалов к 3D-моделям через ключи";"https://rutube.ru/video/036829d63c85019284d9e9c4ff932939/?t=2446";"https://rutube.ru/video/036829d63c85019284d9e9c4ff932939/"
"3D-модели, фасады и наполнение";"3D-модели";"https://help.planplace.online/3d-modeli/";"4";"PlanPlace - основы конфигуратора, работа с шаблонами и ценами";"1:00:23";"2025-10-03T16:05:41";"45:33";"2733";"Импорт/экспорт 3D-моделей, работа с текстурами и регистронезависимый поиск";"https://rutube.ru/video/036829d63c85019284d9e9c4ff932939/?t=2733";"https://rutube.ru/video/036829d63c85019284d9e9c4ff932939/"
"Цены, прайсы и наценки";"Прайс-листы";"https://help.planplace.online/prays-listy/";"4";"PlanPlace - основы конфигуратора, работа с шаблонами и ценами";"1:00:23";"2025-10-03T16:05:41";"49:17";"2957";"Расчёт стоимости сменяемых материалов (на примере обивки)";"https://rutube.ru/video/036829d63c85019284d9e9c4ff932939/?t=2957";"https://rutube.ru/video/036829d63c85019284d9e9c4ff932939/"
"Шаблоны, секции и присадки";"Секции и наполняемые секции";"https://help.planplace.online/sekcii-i-napolnyaemye-sekcii/";"4";"PlanPlace - основы конфигуратора, работа с шаблонами и ценами";"1:00:23";"2025-10-03T16:05:41";"51:10";"3070";"Наполнение шкафов (брючницы, вешала, обувницы) через наполняемые секции";"https://rutube.ru/video/036829d63c85019284d9e9c4ff932939/?t=3070";"https://rutube.ru/video/036829d63c85019284d9e9c4ff932939/"
"Цены, прайсы и наценки";"Правила расчёта цен (наценки)";"https://help.planplace.online/pravila-rascheta-cen-nacenki/";"4";"PlanPlace - основы конфигуратора, работа с шаблонами и ценами";"1:00:23";"2025-10-03T16:05:41";"53:18";"3198";"Ценообразование: текущие ограничения и планы по наценкам для групп товаров и дилеров";"https://rutube.ru/video/036829d63c85019284d9e9c4ff932939/?t=3198";"https://rutube.ru/video/036829d63c85019284d9e9c4ff932939/"
"Шаблоны, секции и присадки";"Шаблоны модулей";"https://help.planplace.online/shablony-moduley/";"5";"PlanPlace: продвинутое конфигурирование — шаблоны, группы материалов, цены (вебинар)";"57:59";"2025-10-12T13:13:20";"00:00";"0";"Вступление и анонс тем";"https://rutube.ru/video/6c16dc3c862699ae563cbf6e24053149/?t=0";"https://rutube.ru/video/6c16dc3c862699ae563cbf6e24053149/"
"Шаблоны, секции и присадки";"Шаблоны модулей";"https://help.planplace.online/shablony-moduley/";"5";"PlanPlace: продвинутое конфигурирование — шаблоны, группы материалов, цены (вебинар)";"57:59";"2025-10-12T13:13:20";"00:37";"37";"Что такое шаблоны в конфигураторе";"https://rutube.ru/video/6c16dc3c862699ae563cbf6e24053149/?t=37";"https://rutube.ru/video/6c16dc3c862699ae563cbf6e24053149/"
"Шаблоны, секции и присадки";"Шаблоны модулей";"https://help.planplace.online/shablony-moduley/";"5";"PlanPlace: продвинутое конфигурирование — шаблоны, группы материалов, цены (вебинар)";"57:59";"2025-10-12T13:13:20";"02:34";"154";"Создание нового шаблона ящика";"https://rutube.ru/video/6c16dc3c862699ae563cbf6e24053149/?t=154";"https://rutube.ru/video/6c16dc3c862699ae563cbf6e24053149/"
"Шаблоны, секции и присадки";"Шаблоны модулей";"https://help.planplace.online/shablony-moduley/";"5";"PlanPlace: продвинутое конфигурирование — шаблоны, группы материалов, цены (вебинар)";"57:59";"2025-10-12T13:13:20";"05:54";"354";"Комплектующие: три точки привязки";"https://rutube.ru/video/6c16dc3c862699ae563cbf6e24053149/?t=354";"https://rutube.ru/video/6c16dc3c862699ae563cbf6e24053149/"
"Шаблоны, секции и присадки";"Шаблоны модулей";"https://help.planplace.online/shablony-moduley/";"5";"PlanPlace: продвинутое конфигурирование — шаблоны, группы материалов, цены (вебинар)";"57:59";"2025-10-12T13:13:20";"09:16";"556";"Новый интерфейс кромок: нумерация граней";"https://rutube.ru/video/6c16dc3c862699ae563cbf6e24053149/?t=556";"https://rutube.ru/video/6c16dc3c862699ae563cbf6e24053149/"
"Шаблоны, секции и присадки";"Шаблоны модулей";"https://help.planplace.online/shablony-moduley/";"5";"PlanPlace: продвинутое конфигурирование — шаблоны, группы материалов, цены (вебинар)";"57:59";"2025-10-12T13:13:20";"10:42";"642";"Замена ящиков на сцене и автопересчёт";"https://rutube.ru/video/6c16dc3c862699ae563cbf6e24053149/?t=642";"https://rutube.ru/video/6c16dc3c862699ae563cbf6e24053149/"
"Шаблоны, секции и присадки";"Шаблоны модулей";"https://help.planplace.online/shablony-moduley/";"5";"PlanPlace: продвинутое конфигурирование — шаблоны, группы материалов, цены (вебинар)";"57:59";"2025-10-12T13:13:20";"12:19";"739";"Шаблоны не только для ящиков";"https://rutube.ru/video/6c16dc3c862699ae563cbf6e24053149/?t=739";"https://rutube.ru/video/6c16dc3c862699ae563cbf6e24053149/"
"Материалы и кромки";"Группы плитных материалов";"https://help.planplace.online/gruppy-plitnyh-materialov/";"5";"PlanPlace: продвинутое конфигурирование — шаблоны, группы материалов, цены (вебинар)";"57:59";"2025-10-12T13:13:20";"16:32";"992";"Группы материалов: зачем нужны";"https://rutube.ru/video/6c16dc3c862699ae563cbf6e24053149/?t=992";"https://rutube.ru/video/6c16dc3c862699ae563cbf6e24053149/"
"Шаблоны, секции и присадки";"Шаблоны модулей";"https://help.planplace.online/shablony-moduley/";"5";"PlanPlace: продвинутое конфигурирование — шаблоны, группы материалов, цены (вебинар)";"57:59";"2025-10-12T13:13:20";"19:06";"1146";"Настройка группы в конфигураторе";"https://rutube.ru/video/6c16dc3c862699ae563cbf6e24053149/?t=1146";"https://rutube.ru/video/6c16dc3c862699ae563cbf6e24053149/"
"Шаблоны, секции и присадки";"Шаблоны модулей";"https://help.planplace.online/shablony-moduley/";"5";"PlanPlace: продвинутое конфигурирование — шаблоны, группы материалов, цены (вебинар)";"57:59";"2025-10-12T13:13:20";"23:20";"1400";"Почему нельзя просто удалить группу";"https://rutube.ru/video/6c16dc3c862699ae563cbf6e24053149/?t=1400";"https://rutube.ru/video/6c16dc3c862699ae563cbf6e24053149/"
"Материалы и кромки";"Группы плитных материалов";"https://help.planplace.online/gruppy-plitnyh-materialov/";"5";"PlanPlace: продвинутое конфигурирование — шаблоны, группы материалов, цены (вебинар)";"57:59";"2025-10-12T13:13:20";"26:19";"1579";"Сброс групп и массовые операции";"https://rutube.ru/video/6c16dc3c862699ae563cbf6e24053149/?t=1579";"https://rutube.ru/video/6c16dc3c862699ae563cbf6e24053149/"
"3D-модели, фасады и наполнение";"3D-модели";"https://help.planplace.online/3d-modeli/";"5";"PlanPlace: продвинутое конфигурирование — шаблоны, группы материалов, цены (вебинар)";"57:59";"2025-10-12T13:13:20";"29:30";"1770";"3D-объекты: стол, стулья, техника";"https://rutube.ru/video/6c16dc3c862699ae563cbf6e24053149/?t=1770";"https://rutube.ru/video/6c16dc3c862699ae563cbf6e24053149/"
"Цены, прайсы и наценки";"Прайс-листы";"https://help.planplace.online/prays-listy/";"5";"PlanPlace: продвинутое конфигурирование — шаблоны, группы материалов, цены (вебинар)";"57:59";"2025-10-12T13:13:20";"34:36";"2076";"Ценообразование на ЛДСП: три варианта";"https://rutube.ru/video/6c16dc3c862699ae563cbf6e24053149/?t=2076";"https://rutube.ru/video/6c16dc3c862699ae563cbf6e24053149/"
"Материалы и кромки";"Массовое редактирование плит и массовый ввод цен";"https://help.planplace.online/massovoe-redaktirovanie-plit/";"5";"PlanPlace: продвинутое конфигурирование — шаблоны, группы материалов, цены (вебинар)";"57:59";"2025-10-12T13:13:20";"38:30";"2310";"Массовое обновление цен через Excel";"https://rutube.ru/video/6c16dc3c862699ae563cbf6e24053149/?t=2310";"https://rutube.ru/video/6c16dc3c862699ae563cbf6e24053149/"
"Интеграции и API";"Синхронизация по API";"https://help.planplace.online/sinhronizaciya-po-api/";"5";"PlanPlace: продвинутое конфигурирование — шаблоны, группы материалов, цены (вебинар)";"57:59";"2025-10-12T13:13:20";"41:56";"2516";"Привязка к прайс-листу и 1С";"https://rutube.ru/video/6c16dc3c862699ae563cbf6e24053149/?t=2516";"https://rutube.ru/video/6c16dc3c862699ae563cbf6e24053149/"
"Конфигуратор: элементы, размеры, формулы";"Детали";"https://help.planplace.online/detali/";"5";"PlanPlace: продвинутое конфигурирование — шаблоны, группы материалов, цены (вебинар)";"57:59";"2025-10-12T13:13:20";"44:17";"2657";"Вопрос: подсветка и пропилы в корпусе";"https://rutube.ru/video/6c16dc3c862699ae563cbf6e24053149/?t=2657";"https://rutube.ru/video/6c16dc3c862699ae563cbf6e24053149/"
"Шаблоны, секции и присадки";"Секции и наполняемые секции";"https://help.planplace.online/sekcii-i-napolnyaemye-sekcii/";"5";"PlanPlace: продвинутое конфигурирование — шаблоны, группы материалов, цены (вебинар)";"57:59";"2025-10-12T13:13:20";"47:33";"2853";"Вопрос: наполнение шкафов";"https://rutube.ru/video/6c16dc3c862699ae563cbf6e24053149/?t=2853";"https://rutube.ru/video/6c16dc3c862699ae563cbf6e24053149/"
"Шаблоны, секции и присадки";"Шаблоны модулей";"https://help.planplace.online/shablony-moduley/";"5";"PlanPlace: продвинутое конфигурирование — шаблоны, группы материалов, цены (вебинар)";"57:59";"2025-10-12T13:13:20";"49:17";"2957";"Вопрос: глубина ящиков в шаблонах";"https://rutube.ru/video/6c16dc3c862699ae563cbf6e24053149/?t=2957";"https://rutube.ru/video/6c16dc3c862699ae563cbf6e24053149/"
"FAQ и поддержка";"Вопросы и ответы (FAQ)";"https://help.planplace.online/voprosy-otvety/";"5";"PlanPlace: продвинутое конфигурирование — шаблоны, группы материалов, цены (вебинар)";"57:59";"2025-10-12T13:13:20";"51:10";"3070";"Вопрос: оффлайн-версия PlanPlace";"https://rutube.ru/video/6c16dc3c862699ae563cbf6e24053149/?t=3070";"https://rutube.ru/video/6c16dc3c862699ae563cbf6e24053149/"
"Шаблоны, секции и присадки";"Шаблоны модулей";"https://help.planplace.online/shablony-moduley/";"5";"PlanPlace: продвинутое конфигурирование — шаблоны, группы материалов, цены (вебинар)";"57:59";"2025-10-12T13:13:20";"54:35";"3275";"Итоги и анонс следующего вебинара";"https://rutube.ru/video/6c16dc3c862699ae563cbf6e24053149/?t=3275";"https://rutube.ru/video/6c16dc3c862699ae563cbf6e24053149/"
"Сцена, спецификация и экспорт";"Настройка меню планировщика";"https://help.planplace.online/nastroyka-menyu-planirovschika/";"6";"PlanPlace вебинар - часто задаваемые вопросы";"54:54";"2025-10-24T12:22:10";"00:00";"0";"Введение: настройка меню, иконок и интерфейса конструктора";"https://rutube.ru/video/13f1a45f0f72b89bf2d51214e589973a/?t=0";"https://rutube.ru/video/13f1a45f0f72b89bf2d51214e589973a/"
"Сцена, спецификация и экспорт";"Экспорт в производство";"https://help.planplace.online/eksport-v-proizvodstvo/";"6";"PlanPlace вебинар - часто задаваемые вопросы";"54:54";"2025-10-24T12:22:10";"02:15";"135";"Настройки Базис: подрезка кромки и передача размеров деталей";"https://rutube.ru/video/13f1a45f0f72b89bf2d51214e589973a/?t=135";"https://rutube.ru/video/13f1a45f0f72b89bf2d51214e589973a/"
"Цены, прайсы и наценки";"Доступные типы расчётов";"https://help.planplace.online/dostupnye-tipy-raschetov/";"6";"PlanPlace вебинар - часто задаваемые вопросы";"54:54";"2025-10-24T12:22:10";"04:30";"270";"Расчёт материалов: штуки, погонные метры, квадратные метры — в чём разница";"https://rutube.ru/video/13f1a45f0f72b89bf2d51214e589973a/?t=270";"https://rutube.ru/video/13f1a45f0f72b89bf2d51214e589973a/"
"Цены, прайсы и наценки";"Прайс-листы";"https://help.planplace.online/prays-listy/";"6";"PlanPlace вебинар - часто задаваемые вопросы";"54:54";"2025-10-24T12:22:10";"07:30";"450";"Цены модулей: фиксированная цена в поле «Размеры» и расчётная через наполнение";"https://rutube.ru/video/13f1a45f0f72b89bf2d51214e589973a/?t=450";"https://rutube.ru/video/13f1a45f0f72b89bf2d51214e589973a/"
"Цены, прайсы и наценки";"Доступные типы расчётов";"https://help.planplace.online/dostupnye-tipy-raschetov/";"6";"PlanPlace вебинар - часто задаваемые вопросы";"54:54";"2025-10-24T12:22:10";"12:45";"765";"Влияние расчёта ЛДСП «поштучно» на отображение цен в проекте";"https://rutube.ru/video/13f1a45f0f72b89bf2d51214e589973a/?t=765";"https://rutube.ru/video/13f1a45f0f72b89bf2d51214e589973a/"
"Материалы и кромки";"Группы плитных материалов";"https://help.planplace.online/gruppy-plitnyh-materialov/";"6";"PlanPlace вебинар - часто задаваемые вопросы";"54:54";"2025-10-24T12:22:10";"16:32";"992";"Группы материалов: глобальные и локальные настройки, переопределение на уровне модуля";"https://rutube.ru/video/13f1a45f0f72b89bf2d51214e589973a/?t=992";"https://rutube.ru/video/13f1a45f0f72b89bf2d51214e589973a/"
"Материалы и кромки";"Группы плитных материалов";"https://help.planplace.online/gruppy-plitnyh-materialov/";"6";"PlanPlace вебинар - часто задаваемые вопросы";"54:54";"2025-10-24T12:22:10";"19:06";"1146";"Флаги «локальная группа» и «заблокировать изменения»: когда и зачем использовать";"https://rutube.ru/video/13f1a45f0f72b89bf2d51214e589973a/?t=1146";"https://rutube.ru/video/13f1a45f0f72b89bf2d51214e589973a/"
"FAQ и поддержка";"Вопросы и ответы (FAQ)";"https://help.planplace.online/voprosy-otvety/";"6";"PlanPlace вебинар - часто задаваемые вопросы";"54:54";"2025-10-24T12:22:10";"22:00";"1320";"Сброс настроек материалов: для одного модуля или всей коллекции";"https://rutube.ru/video/13f1a45f0f72b89bf2d51214e589973a/?t=1320";"https://rutube.ru/video/13f1a45f0f72b89bf2d51214e589973a/"
"Материалы и кромки";"Группы плитных материалов";"https://help.planplace.online/gruppy-plitnyh-materialov/";"6";"PlanPlace вебинар - часто задаваемые вопросы";"54:54";"2025-10-24T12:22:10";"26:19";"1579";"Управление видимостью материалов: как скрыть лишнее и оставить только нужное";"https://rutube.ru/video/13f1a45f0f72b89bf2d51214e589973a/?t=1579";"https://rutube.ru/video/13f1a45f0f72b89bf2d51214e589973a/"
"3D-модели, фасады и наполнение";"3D-модели";"https://help.planplace.online/3d-modeli/";"6";"PlanPlace вебинар - часто задаваемые вопросы";"54:54";"2025-10-24T12:22:10";"29:30";"1770";"Работа с готовыми 3D-моделями: импорт, группировка, замена и настройка количества";"https://rutube.ru/video/13f1a45f0f72b89bf2d51214e589973a/?t=1770";"https://rutube.ru/video/13f1a45f0f72b89bf2d51214e589973a/"
"3D-модели, фасады и наполнение";"3D-модели";"https://help.planplace.online/3d-modeli/";"6";"PlanPlace вебинар - часто задаваемые вопросы";"54:54";"2025-10-24T12:22:10";"31:47";"1907";"Переменные в 3D-моделях: как управлять параметрами объектов через конфигуратор";"https://rutube.ru/video/13f1a45f0f72b89bf2d51214e589973a/?t=1907";"https://rutube.ru/video/13f1a45f0f72b89bf2d51214e589973a/"
"Интеграции и API";"Синхронизация по API";"https://help.planplace.online/sinhronizaciya-po-api/";"6";"PlanPlace вебинар - часто задаваемые вопросы";"54:54";"2025-10-24T12:22:10";"34:35";"2075";"Блок ответов на вопросы: тарифы, валюты, фрезеровки, пазы, спецификации, API";"https://rutube.ru/video/13f1a45f0f72b89bf2d51214e589973a/?t=2075";"https://rutube.ru/video/13f1a45f0f72b89bf2d51214e589973a/"
"Конфигуратор: элементы, размеры, формулы";"Детали";"https://help.planplace.online/detali/";"6";"PlanPlace вебинар - часто задаваемые вопросы";"54:54";"2025-10-24T12:22:10";"37:49";"2269";"Новые формы деталей (сотка, радиус): расчёт по площади и привязка материалов";"https://rutube.ru/video/13f1a45f0f72b89bf2d51214e589973a/?t=2269";"https://rutube.ru/video/13f1a45f0f72b89bf2d51214e589973a/"
"Обзор и старт";"Код конструктора и основные параметры";"https://help.planplace.online/kod-konstruktora-i-osnovnye-parametry/";"6";"PlanPlace вебинар - часто задаваемые вопросы";"54:54";"2025-10-24T12:22:10";"39:46";"2386";"Базовые настройки для новичков: логотип, интеграция на сайт, код конструктора";"https://rutube.ru/video/13f1a45f0f72b89bf2d51214e589973a/?t=2386";"https://rutube.ru/video/13f1a45f0f72b89bf2d51214e589973a/"
"Сцена, спецификация и экспорт";"Настройка меню планировщика";"https://help.planplace.online/nastroyka-menyu-planirovschika/";"6";"PlanPlace вебинар - часто задаваемые вопросы";"54:54";"2025-10-24T12:22:10";"41:19";"2479";"Раздел «Настройки конструктора»: показ цен, наценки, защита PDF, кнопки сцены";"https://rutube.ru/video/13f1a45f0f72b89bf2d51214e589973a/?t=2479";"https://rutube.ru/video/13f1a45f0f72b89bf2d51214e589973a/"
"3D-модели, фасады и наполнение";"3D-модели";"https://help.planplace.online/3d-modeli/";"6";"PlanPlace вебинар - часто задаваемые вопросы";"54:54";"2025-10-24T12:22:10";"45:33";"2733";"Импорт/экспорт 3D-моделей: форматы, текстуры, регистронезависимый поиск";"https://rutube.ru/video/13f1a45f0f72b89bf2d51214e589973a/?t=2733";"https://rutube.ru/video/13f1a45f0f72b89bf2d51214e589973a/"
"Цены, прайсы и наценки";"Прайс-листы";"https://help.planplace.online/prays-listy/";"6";"PlanPlace вебинар - часто задаваемые вопросы";"54:54";"2025-10-24T12:22:10";"49:17";"2957";"Цены на сменяемые материалы (обивка, ткани): как настроить расчёт";"https://rutube.ru/video/13f1a45f0f72b89bf2d51214e589973a/?t=2957";"https://rutube.ru/video/13f1a45f0f72b89bf2d51214e589973a/"
"Шаблоны, секции и присадки";"Шаблоны модулей";"https://help.planplace.online/shablony-moduley/";"6";"PlanPlace вебинар - часто задаваемые вопросы";"54:54";"2025-10-24T12:22:10";"51:10";"3070";"Наполняемые секции: брючницы, вешала, обувницы — настройка через шаблоны";"https://rutube.ru/video/13f1a45f0f72b89bf2d51214e589973a/?t=3070";"https://rutube.ru/video/13f1a45f0f72b89bf2d51214e589973a/"
"Цены, прайсы и наценки";"Правила расчёта цен (наценки)";"https://help.planplace.online/pravila-rascheta-cen-nacenki/";"6";"PlanPlace вебинар - часто задаваемые вопросы";"54:54";"2025-10-24T12:22:10";"53:18";"3198";"Ценообразование: текущие ограничения и планы по наценкам для групп и дилеров";"https://rutube.ru/video/13f1a45f0f72b89bf2d51214e589973a/?t=3198";"https://rutube.ru/video/13f1a45f0f72b89bf2d51214e589973a/"
"Обзор и старт";"Обзор системы и роли";"https://help.planplace.online/obzor-sistemy-i-roli/";"7";"Как PlanPlace меняет мебельный бизнес: обзор и демонстрация для новых пользователей";"1:28:16";"2026-03-16T22:41:51";"00:04:09";"249";"Цели встречи: помощь в освоении PlanPlace, обзор функционала и ресурсов";"https://rutube.ru/video/6e4c878b68dc2cbd368a68de7f603789/?t=249";"https://rutube.ru/video/6e4c878b68dc2cbd368a68de7f603789/"
"Обзор и старт";"Обзор системы и роли";"https://help.planplace.online/obzor-sistemy-i-roli/";"7";"Как PlanPlace меняет мебельный бизнес: обзор и демонстрация для новых пользователей";"1:28:16";"2026-03-16T22:41:51";"00:11:17";"677";"Для чего PlanPlace: ускорение работы, снижение брака и ошибок, упрощение обучения сотрудников";"https://rutube.ru/video/6e4c878b68dc2cbd368a68de7f603789/?t=677";"https://rutube.ru/video/6e4c878b68dc2cbd368a68de7f603789/"
"Обзор и старт";"Обзор системы и роли";"https://help.planplace.online/obzor-sistemy-i-roli/";"7";"Как PlanPlace меняет мебельный бизнес: обзор и демонстрация для новых пользователей";"1:28:16";"2026-03-16T22:41:51";"00:12:37";"757";"Основные возможности: визуальный редактор, мгновенный расчет сметы, настройка правил для продавцов и клиентов";"https://rutube.ru/video/6e4c878b68dc2cbd368a68de7f603789/?t=757";"https://rutube.ru/video/6e4c878b68dc2cbd368a68de7f603789/"
"Сцена, спецификация и экспорт";"Экспорт в производство";"https://help.planplace.online/eksport-v-proizvodstvo/";"7";"Как PlanPlace меняет мебельный бизнес: обзор и демонстрация для новых пользователей";"1:28:16";"2026-03-16T22:41:51";"00:15:02";"902";"Интеграция с БАЗИС-Мебельщик, ASAI.Cut, ASAI.Nest, маркетплейсами (Wildberries, Ozon), 1С, Битрикс24 и вашим сайтом.";"https://rutube.ru/video/6e4c878b68dc2cbd368a68de7f603789/?t=902";"https://rutube.ru/video/6e4c878b68dc2cbd368a68de7f603789/"
"Обзор и старт";"Обзор системы и роли";"https://help.planplace.online/obzor-sistemy-i-roli/";"7";"Как PlanPlace меняет мебельный бизнес: обзор и демонстрация для новых пользователей";"1:28:16";"2026-03-16T22:41:51";"00:18:42";"1122";"Уровень квалификации пользователей: от новичков до опытных технологов";"https://rutube.ru/video/6e4c878b68dc2cbd368a68de7f603789/?t=1122";"https://rutube.ru/video/6e4c878b68dc2cbd368a68de7f603789/"
"Сцена, спецификация и экспорт";"Интерфейс сцены";"https://help.planplace.online/interfeys-sceny/";"7";"Как PlanPlace меняет мебельный бизнес: обзор и демонстрация для новых пользователей";"1:28:16";"2026-03-16T22:41:51";"00:22:57";"1377";"Демонстрация интерфейса и возможностей планировщика: работа с гардеробными, шкафами, кроватями, офисной мебелью";"https://rutube.ru/video/6e4c878b68dc2cbd368a68de7f603789/?t=1377";"https://rutube.ru/video/6e4c878b68dc2cbd368a68de7f603789/"
"Шаблоны, секции и присадки";"Шаблоны модулей";"https://help.planplace.online/shablony-moduley/";"7";"Как PlanPlace меняет мебельный бизнес: обзор и демонстрация для новых пользователей";"1:28:16";"2026-03-16T22:41:51";"00:30:42";"1842";"Настройка материалов, фасадов, ручек, ящиков и опор с возможностью массового изменения";"https://rutube.ru/video/6e4c878b68dc2cbd368a68de7f603789/?t=1842";"https://rutube.ru/video/6e4c878b68dc2cbd368a68de7f603789/"
"Сцена, спецификация и экспорт";"Экспорт в производство";"https://help.planplace.online/eksport-v-proizvodstvo/";"7";"Как PlanPlace меняет мебельный бизнес: обзор и демонстрация для новых пользователей";"1:28:16";"2026-03-16T22:41:51";"00:36:30";"2190";"Формирование спецификаций и экспорт в БАЗИС-Мебельщик";"https://rutube.ru/video/6e4c878b68dc2cbd368a68de7f603789/?t=2190";"https://rutube.ru/video/6e4c878b68dc2cbd368a68de7f603789/"
"Обзор и старт";"Код конструктора и основные параметры";"https://help.planplace.online/kod-konstruktora-i-osnovnye-parametry/";"7";"Как PlanPlace меняет мебельный бизнес: обзор и демонстрация для новых пользователей";"1:28:16";"2026-03-16T22:41:51";"00:39:02";"2342";"Личный кабинет: управление заявками, настройка сайта, прием заказов";"https://rutube.ru/video/6e4c878b68dc2cbd368a68de7f603789/?t=2342";"https://rutube.ru/video/6e4c878b68dc2cbd368a68de7f603789/"
"Конфигуратор: элементы, размеры, формулы";"Параметры, формулы, позиционирование";"https://help.planplace.online/parametry-formuly-pozicionirovanie/";"7";"Как PlanPlace меняет мебельный бизнес: обзор и демонстрация для новых пользователей";"1:28:16";"2026-03-16T22:41:51";"00:45:10";"2710";"Глобальные переменные для массового изменения параметров мебели";"https://rutube.ru/video/6e4c878b68dc2cbd368a68de7f603789/?t=2710";"https://rutube.ru/video/6e4c878b68dc2cbd368a68de7f603789/"
"Шаблоны, секции и присадки";"Секции и наполняемые секции";"https://help.planplace.online/sekcii-i-napolnyaemye-sekcii/";"7";"Как PlanPlace меняет мебельный бизнес: обзор и демонстрация для новых пользователей";"1:28:16";"2026-03-16T22:41:51";"00:52:50";"3170";"Конструктор изделий: создание и редактирование модулей, секций, деталей";"https://rutube.ru/video/6e4c878b68dc2cbd368a68de7f603789/?t=3170";"https://rutube.ru/video/6e4c878b68dc2cbd368a68de7f603789/"
"Конфигуратор: элементы, размеры, формулы";"Параметры, формулы, позиционирование";"https://help.planplace.online/parametry-formuly-pozicionirovanie/";"7";"Как PlanPlace меняет мебельный бизнес: обзор и демонстрация для новых пользователей";"1:28:16";"2026-03-16T22:41:51";"01:00:03";"3603";"Работа с переменными и ограничениями размеров";"https://rutube.ru/video/6e4c878b68dc2cbd368a68de7f603789/?t=3603";"https://rutube.ru/video/6e4c878b68dc2cbd368a68de7f603789/"
"Материалы и кромки";"Массовое редактирование плит и массовый ввод цен";"https://help.planplace.online/massovoe-redaktirovanie-plit/";"7";"Как PlanPlace меняет мебельный бизнес: обзор и демонстрация для новых пользователей";"1:28:16";"2026-03-16T22:41:51";"01:14:03";"4443";"Импорт и экспорт плитных материалов и кромок через Excel для удобного обновления прайсов";"https://rutube.ru/video/6e4c878b68dc2cbd368a68de7f603789/?t=4443";"https://rutube.ru/video/6e4c878b68dc2cbd368a68de7f603789/"
"Шаблоны, секции и присадки";"Присадки";"https://help.planplace.online/prisadki/";"7";"Как PlanPlace меняет мебельный бизнес: обзор и демонстрация для новых пользователей";"1:28:16";"2026-03-16T22:41:51";"01:16:44";"4604";"Настройка шаблонов присадок (отверстий) и их позиционирование";"https://rutube.ru/video/6e4c878b68dc2cbd368a68de7f603789/?t=4604";"https://rutube.ru/video/6e4c878b68dc2cbd368a68de7f603789/"
"Сцена, спецификация и экспорт";"Экспорт в производство";"https://help.planplace.online/eksport-v-proizvodstvo/";"7";"Как PlanPlace меняет мебельный бизнес: обзор и демонстрация для новых пользователей";"1:28:16";"2026-03-16T22:41:51";"01:24:29";"5069";"Демонстрация экспорта проекта в базис мебельщик и работа с ним";"https://rutube.ru/video/6e4c878b68dc2cbd368a68de7f603789/?t=5069";"https://rutube.ru/video/6e4c878b68dc2cbd368a68de7f603789/"
"Обзор и старт";"Обзор системы и роли";"https://help.planplace.online/obzor-sistemy-i-roli/";"7";"Как PlanPlace меняет мебельный бизнес: обзор и демонстрация для новых пользователей";"1:28:16";"2026-03-16T22:41:51";"01:29:49";"5389";"Экономический эффект от использования PlanPlace: сокращение затрат на технологов, ускорение оформления заказов";"https://rutube.ru/video/6e4c878b68dc2cbd368a68de7f603789/?t=5389";"https://rutube.ru/video/6e4c878b68dc2cbd368a68de7f603789/"
"Сцена, спецификация и экспорт";"Экспорт в производство";"https://help.planplace.online/eksport-v-proizvodstvo/";"7";"Как PlanPlace меняет мебельный бизнес: обзор и демонстрация для новых пользователей";"1:28:16";"2026-03-16T22:41:51";"01:36:03";"5763";"Вопросы и ответы: загрузка каталогов из базиса, внедрение под ключ, сроки и стоимость";"https://rutube.ru/video/6e4c878b68dc2cbd368a68de7f603789/?t=5763";"https://rutube.ru/video/6e4c878b68dc2cbd368a68de7f603789/"
"Обзор и старт";"Обзор системы и роли";"https://help.planplace.online/obzor-sistemy-i-roli/";"7";"Как PlanPlace меняет мебельный бизнес: обзор и демонстрация для новых пользователей";"1:28:16";"2026-03-16T22:41:51";"01:39:54";"5994";"Возможность добавления услуг (доставка, установка) и коммерческих предложений в проект";"https://rutube.ru/video/6e4c878b68dc2cbd368a68de7f603789/?t=5994";"https://rutube.ru/video/6e4c878b68dc2cbd368a68de7f603789/"
"Цены, прайсы и наценки";"Прайс-листы";"https://help.planplace.online/prays-listy/";"7";"Как PlanPlace меняет мебельный бизнес: обзор и демонстрация для новых пользователей";"1:28:16";"2026-03-16T22:41:51";"01:41:45";"6105";"Управление ценами и скидками: кто и как может менять стоимость в проекте";"https://rutube.ru/video/6e4c878b68dc2cbd368a68de7f603789/?t=6105";"https://rutube.ru/video/6e4c878b68dc2cbd368a68de7f603789/"
"Цены, прайсы и наценки";"Прайс-листы";"https://help.planplace.online/prays-listy/";"8";"Как поставить цену в разных плитных материалах (например, ЛДСП) с привязкой ""за категорию""";"8:47";"2026-03-31T16:28:35";"00:00";"0";"Постановка задачи: как назначить одну цену для нескольких декоров или группы материалов одного производителя.";"https://rutube.ru/video/9c650b4518ddb0f186b7f24831dc9e0c/?t=0";"https://rutube.ru/video/9c650b4518ddb0f186b7f24831dc9e0c/"
"Цены, прайсы и наценки";"Прайс-листы";"https://help.planplace.online/prays-listy/";"8";"Как поставить цену в разных плитных материалах (например, ЛДСП) с привязкой ""за категорию""";"8:47";"2026-03-31T16:28:35";"00:33";"33";"Создание позиций прайса для плитного материала.";"https://rutube.ru/video/9c650b4518ddb0f186b7f24831dc9e0c/?t=33";"https://rutube.ru/video/9c650b4518ddb0f186b7f24831dc9e0c/"
"Цены, прайсы и наценки";"Прайс-листы";"https://help.planplace.online/prays-listy/";"8";"Как поставить цену в разных плитных материалах (например, ЛДСП) с привязкой ""за категорию""";"8:47";"2026-03-31T16:28:35";"01:38";"98";"Привязка позиций прайса к конкретным материалам.";"https://rutube.ru/video/9c650b4518ddb0f186b7f24831dc9e0c/?t=98";"https://rutube.ru/video/9c650b4518ddb0f186b7f24831dc9e0c/"
"Сцена, спецификация и экспорт";"Спецификация и отправка на расчёт";"https://help.planplace.online/specifikaciya-i-otpravka-na-raschet/";"8";"Как поставить цену в разных плитных материалах (например, ЛДСП) с привязкой ""за категорию""";"8:47";"2026-03-31T16:28:35";"04:56";"296";"Проверка работы. Размещение двух модулей с разным корпусным материалом и проверка спецификации на соответствие заданным категориям.";"https://rutube.ru/video/9c650b4518ddb0f186b7f24831dc9e0c/?t=296";"https://rutube.ru/video/9c650b4518ddb0f186b7f24831dc9e0c/"
"Цены, прайсы и наценки";"Правила расчёта цен (наценки)";"https://help.planplace.online/pravila-rascheta-cen-nacenki/";"8";"Как поставить цену в разных плитных материалах (например, ЛДСП) с привязкой ""за категорию""";"8:47";"2026-03-31T16:28:35";"06:51";"411";"Настройка наценки. Добавление глобального коэффициента наценки на плитный материал.";"https://rutube.ru/video/9c650b4518ddb0f186b7f24831dc9e0c/?t=411";"https://rutube.ru/video/9c650b4518ddb0f186b7f24831dc9e0c/"
"Цены, прайсы и наценки";"Правила расчёта цен (наценки)";"https://help.planplace.online/pravila-rascheta-cen-nacenki/";"8";"Как поставить цену в разных плитных материалах (например, ЛДСП) с привязкой ""за категорию""";"8:47";"2026-03-31T16:28:35";"07:43";"463";"Логика умножения наценки. Разбор настройки «Не умножать»: как сделать так, чтобы наценка применялась отдельно от общей наценки проекта.";"https://rutube.ru/video/9c650b4518ddb0f186b7f24831dc9e0c/?t=463";"https://rutube.ru/video/9c650b4518ddb0f186b7f24831dc9e0c/"
"Цены, прайсы и наценки";"Прайс-листы";"https://help.planplace.online/prays-listy/";"8";"Как поставить цену в разных плитных материалах (например, ЛДСП) с привязкой ""за категорию""";"8:47";"2026-03-31T16:28:35";"08:41";"521";"Заключение. Итоги настройки: цена ставится одна за несколько позиций, а не за каждую отдельно.";"https://rutube.ru/video/9c650b4518ddb0f186b7f24831dc9e0c/?t=521";"https://rutube.ru/video/9c650b4518ddb0f186b7f24831dc9e0c/"
